{"cameraMode":{"drawMode":0,"name":"Shaded","section":"Shading Mode"},"sceneLighting":false,"audioPlay":false,"sceneViewState":{"m_AlwaysRefresh":false,"showFog":true,"showSkybox":false,"showFlares":true,"showImageEffects":true,"showParticleSystems":true,"showVisualEffectGraphs":true,"m_FxEnabled":true},"in2DMode":false,"pivot":{"x":9.854312896728516,"y":0.0015097260475158692,"z":-0.05559009313583374},"rotation":{"x":-0.28298094868659975,"y":-0.35102221369743349,"z":0.11217278242111206,"w":-0.8855146765708923},"size":1.3787788152694703,"orthographic":false}