{"cameraMode":{"drawMode":0,"name":"Shaded","section":"Shading Mode"},"sceneLighting":false,"audioPlay":false,"sceneViewState":{"m_AlwaysRefresh":false,"showFog":true,"showSkybox":false,"showFlares":true,"showImageEffects":true,"showParticleSystems":true,"showVisualEffectGraphs":true,"m_FxEnabled":true},"in2DMode":false,"pivot":{"x":9.854312896728516,"y":0.0015097260475158692,"z":-0.05559009313583374},"rotation":{"x":-0.07804621756076813,"y":-0.9168596863746643,"z":0.22175657749176026,"w":-0.3226700723171234},"size":1.3787789344787598,"orthographic":false}